"date","text"
"2024-10-10","Investors cautious about HYPE3's acquisition deal with EMS"
"2024-10-11","EMS eyeing HYPE3 for acquisition, causing stock price surge"
"2024-10-12","HYPE3 shares rise on merger news"
"2024-10-13","Analysts view HYPE3's merger as a strategic move for growth"
"2024-10-15","Concerns over integration risks post HYPE3 acquisition"
"2024-10-16","HYPE3 stock reacts positively to rumors of merger with EMS"
"2024-10-17","HYPE3 and EMS announce strategic partnership amidst growth opportunities"
"2024-10-18","Analysts predict increased value for HYPE3 post-merger"
"2024-10-19","Market reacts cautiously to the potential risks in EMS-HYPE3 deal"
"2024-10-20","EMS to offer premium for HYPE3 shares in acquisition"
"2024-10-21","HYPE3 shareholders approve merger with EMS"
"2024-10-22","Investors express concerns over merger completion risks for HYPE3"
"2024-10-23","EMS increases stake in HYPE3 ahead of merger agreement"
"2024-10-24","HYPE3's stock price dips amid uncertainty over merger deal"
"2024-10-25","EMS shares see gains following HYPE3 merger approval"
"2024-10-26","HYPE3's leadership reassures investors about merger benefits"
"2024-10-27","Market sentiment swings as HYPE3 and EMS finalize merger terms"
"2024-10-28","Analysts upbeat about HYPE3â€™s future following EMS acquisition"
"2024-10-29","HYPE3 faces regulatory scrutiny before merger finalization"
"2024-10-30","EMS to improve HYPE3's operational efficiency post-merger"
"2024-10-31","HYPE3 sees increased liquidity after merger announcement"
